image_001.jpg,pullups_down,142.75981,40.04987,-93.87531,143.85036,37.908653,-86.48672,144.77911,37.854454,-86.46993,145.74217,37.797592,-86.45305,140.99399,38.12952,-87.63493,139.94337,38.186,-87.61403,138.91742,38.28144,-87.68646,146.67207,39.2442,-47.59121,137.62228,39.784008,-55.69898,144.58557,42.36144,-80.12545,140.91142,42.611656,-82.15527,151.75456,49.503445,-33.677494,132.74379,49.636375,-52.29734,158.64505,37.12677,-30.203167,124.68142,37.38469,-73.25883,160.07532,21.108973,-52.9914,121.702896,23.724861,-105.550674,160.6768,16.744278,-65.64801,121.12569,20.258549,-123.98369,158.40976,16.034681,-67.89146,122.92247,18.977612,-123.08648,158.14029,17.524918,-56.324436,123.29515,19.970999,-107.92157,150.57135,83.65886,9.053106,137.27873,83.39722,-8.948086,151.96008,107.17159,48.37592,135.01256,108.4597,-14.106655,150.71783,124.41089,122.54026,129.25417,130.60834,28.505125,149.32054,127.04673,127.904396,128.33742,133.70525,30.263926,152.91264,131.51405,91.31022,132.74152,137.86899,-16.73049
image_002.jpg,pullups_down,113.0814,70.72279,-51.512184,113.744064,67.49052,-42.496563,114.78662,67.359184,-42.478836,115.86188,67.222,-42.49868,110.44557,67.791565,-46.569653,109.107666,67.84677,-46.534508,107.81313,67.9444,-46.592438,115.73617,68.53853,-2.8296432,105.261086,69.58576,-22.67865,114.79019,73.43015,-37.10533,110.54564,73.82627,-42.605984,118.58674,80.07363,14.894281,100.894615,80.48058,-35.291386,131.76965,62.010124,14.244845,99.52714,58.2794,-76.88865,136.2504,39.727165,-4.346588,95.29968,36.98894,-101.1321,137.90562,33.589108,-14.543435,93.75385,31.723673,-113.86845,135.18164,33.028427,-14.167287,94.310776,30.43754,-112.7495,134.4415,35.064003,-7.6668925,94.997986,32.18418,-102.876305,120.70665,125.78922,19.07154,109.7466,127.31413,-18.914787,114.756195,164.84625,25.271935,114.74167,165.91383,-32.484657,116.13183,196.63351,48.610855,115.33167,200.42375,-18.495481,114.97838,200.93948,48.638077,113.88768,204.56154,-19.676075,122.11484,206.35951,10.596585,123.544304,211.8278,-62.86288
image_003.jpg,pullups_down,95.163536,55.520252,-17.246382,93.45044,54.3866,-25.638477,92.26727,54.816753,-25.54797,91.13999,55.253857,-25.588486,96.881584,53.98632,-24.679386,98.02673,53.914883,-24.621752,99.18819,53.939056,-24.649298,89.887596,60.588387,-48.245853,101.28792,58.55841,-42.04501,94.05266,60.14313,-23.0509,97.05899,59.53399,-21.087406,82.23689,78.74072,-52.38111,113.109344,73.252,-37.134033,76.87019,47.303665,-58.027985,117.457306,41.23054,-37.938866,76.12302,15.912317,-80.483345,119.50108,12.0649,-72.62575,72.17409,9.9437065,-95.620514,122.96338,5.602405,-88.814545,76.76645,9.082398,-98.032135,118.68533,4.8486476,-96.235596,79.38539,11.387413,-82.94707,116.34123,7.5086546,-77.82059,89.56096,148.0574,-4.966485,105.02548,147.32025,5.1086206,89.75237,188.53822,38.554794,99.718,195.07544,41.904102,89.72641,225.33075,93.89093,96.93922,236.95744,80.13186,90.54253,229.83815,98.27845,95.75007,241.85025,83.41826,87.86125,239.04964,87.57039,95.24062,251.70917,68.0045
image_004.jpg,pullups_down,106.161224,106.56424,-50.42705,107.367775,104.039856,-43.16666,107.90297,104.245445,-43.15679,108.50533,104.45155,-43.156006,105.53629,103.55874,-49.979965,104.558876,103.29333,-49.94759,103.60299,103.11009,-50.01891,107.93138,106.684715,-10.745517,101.14736,104.84061,-41.594215,106.22642,110.52171,-38.528152,103.291214,109.76904,-47.269123,105.757095,122.10892,9.740762,89.764786,119.72501,-54.943836,96.9962,99.34722,32.30745,71.7533,98.05265,-88.07238,95.22485,77.83613,32.34804,57.03907,77.59129,-101.32319,93.377655,72.55876,28.517378,51.802372,72.09792,-109.362785,93.33974,70.637054,23.569435,54.146435,71.09889,-108.64407,93.85395,72.62157,29.002296,56.306705,73.1661,-101.57117,103.7725,178.61812,23.858686,93.534515,176.88824,-23.756,91.485435,211.0755,48.884533,89.33939,221.91792,-26.305353,76.192856,214.32251,112.87335,69.013596,213.7582,58.96013,74.21156,214.05296,119.50324,66.25163,210.6868,68.11927,72.74396,219.4892,119.50694,65.50083,221.24968,76.29801
image_005.jpg,pullups_down,110.111435,65.49837,-41.90825,112.95577,62.954243,-40.5892,113.83032,63.330933,-40.52341,114.76664,63.71802,-40.567284,111.212135,62.354084,-34.655094,110.76207,62.144924,-34.666294,110.305695,62.025433,-34.658085,117.10994,67.49928,-30.1803,110.8463,65.06948,-1.965077,111.101234,71.10687,-38.561874,108.699486,70.23208,-30.570099,123.27768,88.90082,-64.8293,98.14703,84.640884,-0.26848888,126.914474,75.42106,-158.40599,95.35333,62.839096,-30.8724,131.41925,56.346478,-223.13768,99.60103,45.554665,-48.537933,134.27458,51.769238,-241.92532,101.84307,41.579933,-56.643353,133.65118,51.34265,-236.26935,102.54474,41.589897,-58.57669,131.58452,53.54934,-223.94276,101.619545,43.642303,-51.1536,112.21802,147.14543,-22.152079,96.31453,145.91148,22.171167,124.89965,183.90993,-85.32505,108.12904,182.0537,0.22483914,150.76581,169.77458,5.307513,130.86502,170.62383,81.5244,154.46219,164.14856,17.79355,133.77718,165.81673,91.88828,154.66307,175.16231,31.676888,136.07922,176.9218,113.53108
image_006.jpg,pullups_down,100.95279,72.12025,-71.16277,103.265076,67.1237,-62.9615,105.09661,67.329895,-62.820007,107.01153,67.54922,-62.825256,97.78553,66.476685,-66.6717,95.43631,66.05247,-66.68514,93.11016,65.70958,-66.71311,106.813484,70.336914,-19.511024,88.09988,67.78429,-36.392494,102.86515,77.73885,-55.58752,95.22293,76.7668,-60.414593,111.74559,91.66732,-26.714245,70.47926,89.757126,-33.743526,113.260475,70.601906,-89.87031,39.359238,66.46758,-64.17131,113.06808,45.40494,-146.88205,32.25109,36.9596,-69.40684,114.41903,39.442757,-161.23665,30.444105,27.634706,-75.64953,113.39451,39.397785,-156.91731,32.47667,28.325333,-71.14012,112.04176,42.56091,-149.02437,34.31058,32.442413,-69.44915,105.884995,165.36467,2.3669963,80.30917,165.10074,-2.2150865,104.522446,218.54514,-25.6885,73.833725,219.97508,-44.474976,97.829895,199.11682,94.34992,65.48062,194.40878,91.96462,97.37818,194.11026,108.243904,64.26073,185.90468,107.65063,92.9854,203.91296,126.336624,67.17648,205.06805,137.21812
image_007.jpg,pullups_down,130.8363,38.54677,-54.004482,133.0806,36.35368,-53.05706,134.1391,36.409405,-52.993553,135.24455,36.48464,-52.987118,130.61018,36.42889,-47.049652,129.89761,36.441963,-47.0207,129.19168,36.5326,-47.009846,137.9124,38.846592,-40.727894,129.94725,38.867207,-13.325158,133.0568,42.270493,-49.35534,129.92462,42.324585,-41.39727,144.96143,53.489304,-44.398052,123.98763,51.31645,9.568004,155.40013,32.451824,-68.227295,121.21148,30.577328,32.633575,165.87744,17.922016,-77.348076,120.0198,12.32565,36.970455,168.38564,15.343169,-86.1878,120.418755,7.6601915,36.721153,168.10217,13.406865,-84.53777,121.95914,7.285536,34.022713,166.74109,14.590394,-77.39922,122.1044,8.970985,35.311462,136.77487,100.02337,-17.922709,124.69021,98.37994,18.011328,143.02065,120.82633,8.556258,132.13666,117.91274,45.229824,159.8019,112.01076,114.61046,147.2394,114.98204,120.13619,162.02757,109.22942,126.31162,148.85028,114.30036,128.28827,161.38919,117.42004,129.86578,153.05014,118.974396,132.30983
image_009.jpg,pullups_down,133.8908,50.643707,-5.7286215,132.18689,49.951496,-12.936877,131.17813,50.115803,-12.890748,130.20497,50.278114,-12.882292,134.79044,49.931824,-14.32653,135.66003,49.975964,-14.283574,136.53816,50.076607,-14.286084,128.83827,53.303535,-28.580574,138.06569,53.137417,-35.23119,133.06207,53.30693,-9.646204,135.70586,53.15857,-11.3621235,124.448204,62.433773,-20.09313,145.82756,61.304253,-43.36095,119.02406,43.69377,-8.415948,151.54597,43.752617,-55.307446,115.03358,28.093662,-32.961155,155.17018,26.755085,-84.111465,111.68724,25.673706,-38.947517,157.59967,24.310131,-98.38177,114.4772,24.969612,-45.019108,154.57849,23.623608,-98.41635,117.023,25.848797,-35.814064,152.89845,24.241772,-85.2964,130.17203,99.537834,10.723832,140.94345,98.94987,-10.653227,130.57062,125.34669,7.646169,137.50558,127.75464,-20.166975,130.61513,149.05956,17.474237,133.72276,152.54807,-26.160378,131.096,152.20673,17.509453,131.24837,155.51575,-27.86454,131.17244,158.9442,2.1247985,138.56967,163.09363,-49.298424
image_001.jpg,pullups_up,148.60071,20.935322,29.412731,147.62213,19.019154,21.102394,146.4071,19.173023,21.1743,145.22679,19.331327,21.136278,151.139,18.954807,20.999647,152.34169,18.946701,21.032385,153.52997,18.994425,21.018332,143.67125,22.386646,-5.1176777,155.42204,21.735132,-3.5028057,146.73523,24.37772,21.635027,150.16034,24.122665,22.067795,133.73962,43.279297,-13.285286,165.19106,42.335403,-9.457638,119.75305,59.554817,7.223135,182.23633,59.953217,19.54479,118.151505,38.452015,49.545193,184.4412,40.089138,61.053856,116.439575,31.560322,54.39585,187.43413,33.962704,64.69944,120.09121,29.69766,55.77794,183.12387,32.18131,66.91313,122.13333,32.566925,50.437668,180.99841,34.607685,62.878567,143.68938,94.02636,-8.5817795,159.5687,93.60657,8.576995,140.5124,122.90645,-22.444174,160.92009,123.1248,22.66845,151.83418,146.8403,-67.31833,163.27206,147.1003,-19.836975,155.13908,149.05655,-71.647575,163.0291,150.02577,-24.91875,147.71123,154.44472,-75.45603,165.88434,155.33833,-21.431744
image_002.jpg,pullups_up,181.48444,32.16487,-12.970644,184.18602,29.104713,-12.390913,185.43855,29.328579,-12.376139,186.7471,29.556116,-12.535564,181.08908,28.760965,-6.0844455,179.98814,28.61436,-6.1510034,178.87534,28.553953,-6.003144,188.14406,33.23984,7.245052,178.35129,31.358135,36.403675,183.1656,37.73377,-6.233092,178.95668,36.95142,2.2812262,197.22154,59.334892,0.4531361,161.74211,57.468594,72.5071,208.86954,76.64275,-103.19676,147.29517,86.014786,41.061024,207.90668,42.60385,-238.64705,139.38121,54.31843,-42.410534,210.49019,34.67953,-261.807,138.34477,47.237022,-54.31833,208.77696,32.99999,-258.50198,138.55708,41.843304,-52.406506,205.85542,36.16173,-239.99518,140.95918,44.877144,-43.44486,177.02043,115.922104,-24.572252,156.40924,115.19727,24.746206,166.37277,163.26065,-54.481304,127.58161,151.44363,-32.39862,189.39897,167.48297,94.32972,166.5243,166.56172,64.36575,192.61307,162.2457,111.77176,172.7586,163.5073,75.738556,191.96397,187.41512,115.40945,176.05806,183.43768,63.65389
image_003.jpg,pullups_up,109.98713,24.660303,-31.237959,111.793144,21.932236,-27.322058,112.94582,21.81859,-27.320093,114.14135,21.695436,-27.3202,108.84787,22.339811,-24.096405,107.8469,22.453897,-24.08443,106.82869,22.60533,-24.078392,116.88602,23.539797,-0.12131845,107.23319,24.589962,18.720585,113.06006,27.902632,-21.101046,109.003845,28.302193,-15.6681,127.29026,41.3325,16.100998,102.03516,42.45168,50.051254,141.09865,56.31184,-18.268126,89.56124,61.843433,21.763182,134.3166,37.745438,-75.29345,87.187386,41.334866,-44.771187,133.29506,31.977434,-89.58453,86.922386,35.269913,-57.405563,131.78511,30.178137,-85.17828,87.81504,33.05549,-55.033386,131.22249,32.750572,-74.8134,89.6238,35.72047,-45.565178,118.08731,83.86361,-19.83265,104.20835,82.594795,19.899948,109.82753,114.716255,-57.384804,98.84609,117.31915,38.235626,102.58633,147.24191,-21.87723,97.15539,146.12946,93.60089,103.8833,151.34349,-20.392105,99.80079,150.57822,97.223755,91.98852,158.61119,-60.41232,86.87395,157.76228,67.11124
image_004.jpg,pullups_up,135.97038,16.260067,-21.34688,139.16899,14.755802,-30.472797,139.46913,14.892882,-30.452059,139.82329,15.031176,-30.488026,139.61711,15.062788,-18.744993,140.03291,15.313753,-18.777475,140.44635,15.58422,-18.829918,142.12836,18.620493,-50.252613,143.01953,19.037453,3.7062461,135.64885,20.078766,-27.806322,135.73123,20.152191,-12.509945,134.39194,36.962147,-81.117325,138.38098,38.34,43.014233,112.28851,48.712982,-102.53497,121.04162,52.316994,30.802916,111.07878,29.849451,-103.158104,118.244484,34.995327,-19.440756,110.99749,23.967459,-113.34152,118.09968,28.48778,-25.442528,113.24193,24.545559,-110.1482,118.12859,27.531162,-28.426031,113.50806,26.933067,-101.851006,118.52203,30.278173,-23.383661,113.12075,81.824135,-39.906715,117.19119,80.773026,39.938004,101.89185,124.219086,-26.521477,118.5347,106.98877,82.136635,141.84804,138.80205,6.246396,134.8276,134.48885,98.27235,149.59543,136.10158,10.862953,138.15634,136.43108,98.816574,144.36836,153.01376,2.375445,133.47272,145.54807,85.06118
image_005.jpg,pullups_up,85.66015,23.061174,-82.76126,88.12638,21.465353,-72.814156,89.48244,21.87312,-72.7968,90.87279,22.268066,-72.82793,84.258064,20.855852,-73.645004,82.8552,20.689383,-73.66774,81.448006,20.573774,-73.67008,92.391266,26.698366,-29.415682,79.81791,24.403965,-30.824379,88.17465,28.862154,-68.14216,82.73269,27.96243,-68.36041,103.64839,53.091946,-6.7718244,67.73345,51.650642,-17.167486,123.24599,68.351906,-50.301636,55.202328,74.14985,-67.93339,116.92318,40.573215,-111.23096,57.719074,39.75449,-132.96985,117.158936,33.367485,-124.96623,57.894917,29.811743,-147.0755,114.208496,31.648476,-120.22146,59.68553,29.144773,-142.37514,112.76954,34.984917,-111.55201,61.504257,33.447712,-132.49469,97.86129,105.81979,0.32585126,76.231895,105.74304,-0.3179974,108.221176,149.61125,-45.90296,72.093636,148.74126,-59.326214,91.42076,170.69987,77.76217,92.35617,174.35117,69.25451,86.460945,170.36928,89.072784,96.1522,174.29825,81.256355,94.21681,192.32709,63.502846,95.03573,196.81538,52.10401
image_006.jpg,pullups_up,136.85675,34.180313,-48.93058,141.02843,31.359018,-47.888256,142.58128,31.58374,-47.87822,144.14742,31.78178,-47.88962,137.5737,30.8889,-40.872078,136.5578,30.698488,-40.876972,135.51378,30.557138,-40.865467,148.73897,34.383724,-31.993326,137.07396,32.30781,-0.80138856,140.27141,38.927807,-43.39603,135.68112,38.170082,-34.456738,157.21384,52.000275,-46.583035,137.79607,54.93929,44.056664,171.00085,72.74408,-108.01661,139.46565,71.93239,119.14221,159.12965,56.086647,-168.57436,125.57355,64.800865,205.3621,156.0013,50.961624,-181.7477,122.275604,63.58192,222.83331,154.5413,48.855877,-178.27728,121.290886,62.1285,220.84724,153.91643,52.442867,-168.49846,123.32888,63.193325,207.37273,155.75755,106.19183,-30.473001,144.36589,104.96156,30.465551,129.69054,128.93712,-71.212715,116.52019,128.4474,-16.624357,99.592476,162.98996,-79.64689,91.14115,159.77727,-25.822979,98.434006,172.55466,-80.114204,89.94665,169.75313,-28.22589,78.14472,159.07585,-101.40333,70.23405,156.40384,-50.496002
image_007.jpg,pullups_up,66.14046,23.865877,-33.893944,61.534046,20.527397,-33.820107,61.454937,20.552559,-33.81429,61.40826,20.559502,-33.87008,60.99534,21.194647,-41.960346,60.163765,21.834595,-41.96051,59.32968,22.511372,-41.962814,59.277603,26.211977,-11.84109,56.682266,28.988167,-47.369038,68.470924,30.801474,-24.933546,67.13963,31.846619,-35.0023,67.74222,60.749043,26.507006,77.77245,61.341118,-61.670647,113.00304,72.53487,4.494103,118.32938,75.754074,-34.457638,106.7109,45.69965,-41.45908,106.05266,47.787308,24.90388,101.42881,34.717083,-50.61897,102.60014,37.529926,23.692404,97.43198,34.42507,-43.40174,95.64522,35.516853,27.085443,99.3828,40.353046,-40.701813,97.24354,40.19982,27.078022,107.65738,137.23126,25.98728,112.21104,139.15019,-25.994276,119.318275,181.5271,56.44427,144.89702,194.60693,-29.19177,85.076515,227.25467,42.87655,81.77337,230.21257,-18.615032,76.02847,233.4421,42.407654,69.24273,231.15732,-15.97408,87.60584,241.75748,49.743732,80.65058,252.55965,-3.3566833
image_008.jpg,pullups_up,97.55165,33.031662,-67.18787,102.23916,25.979248,-57.316116,105.3589,26.053394,-57.30285,108.53537,26.114199,-57.341705,94.14876,25.702194,-59.076782,91.042206,25.42524,-59.076096,87.94665,25.212162,-59.03584,112.077324,30.358679,2.9091697,84.18952,28.735802,2.2343102,103.169426,40.50365,-44.57379,91.64125,39.93194,-45.048473,129.17584,66.73934,35.203228,65.06925,65.49552,34.107574,154.00282,107.97782,-27.261667,43.064808,110.54274,-53.453358,143.69414,69.30058,-128.59068,45.83509,66.27909,-172.25893,141.27232,60.699303,-149.29483,43.761536,54.578575,-189.7133,138.3473,53.313885,-139.88138,47.710377,49.894302,-182.36012,136.72992,57.99515,-125.45214,52.27904,55.296303,-170.91954,117.178635,158.4957,1.3386487,79.3268,159.38226,-1.1595583,129.86244,242.44159,-31.259968,82.08189,242.59648,-41.899345,121.45411,218.62355,182.71928,83.241585,224.54277,173.21968,120.553314,209.69476,207.19386,82.96211,216.05344,197.48207,117.02215,229.9425,242.03204,90.011345,241.37706,234.08766
image_009.jpg,pullups_up,56.269623,247.12148,-6.396475,55.66416,252.28201,-8.88316,56.154354,252.41933,-8.866499,56.610607,252.56055,-8.932824,54.975582,252.01968,-16.153143,55.25582,252.23744,-16.12758,55.55261,252.39943,-16.111073,60.854443,250.60664,-5.9262986,59.27404,250.3954,-38.306767,59.62609,242.0737,-2.1777937,59.615173,242.40355,-11.485094,86.91165,226.2688,15.015944,66.09439,221.6309,-50.611633,82.62968,204.1829,61.901604,49.282803,186.87558,-22.180634,63.38443,223.26045,95.92171,49.859432,212.94049,35.526188,58.4491,230.59857,100.166214,46.2142,219.90352,33.570564,55.713333,231.79593,97.77859,52.557198,224.65578,28.087189,57.047226,228.76062,94.52788,54.57601,221.109,34.46794,101.80294,138.24272,22.137133,89.885574,134.3734,-22.02995,113.249344,81.34844,58.757603,99.13492,78.83064,21.733122,110.26904,33.57063,93.33331,108.53315,34.606667,60.300602,112.76408,24.806976,96.740746,112.36582,26.864742,64.190994,98.77419,25.013489,88.646736,101.48965,26.122002,58.027954
image_010.jpg,pullups_up,138.56924,20.299084,5.5571847,136.95837,18.167618,-3.280653,135.79118,18.236748,-3.2402666,134.6584,18.323835,-3.2748144,140.44539,18.047525,-3.516717,141.60251,17.93675,-3.4677901,142.71077,17.890759,-3.4609315,133.391,21.125816,-30.337341,144.267,20.304466,-30.474478,137.02386,23.567036,-2.5506647,140.12067,23.242792,-2.1451128,124.99577,39.909634,-35.68173,152.8332,39.833138,-36.44882,112.614006,54.595707,9.451875,164.18909,58.28094,12.40898,115.864655,45.258255,76.08754,161.47752,47.923084,75.73405,114.99157,41.437366,82.48399,162.99628,44.031937,80.95171,117.69791,40.265083,79.70516,159.01552,42.35195,81.94565,118.60098,42.223648,76.21791,158.24461,44.02962,77.3444,131.00983,86.57848,-0.5341557,145.1727,86.516,0.51398206,134.97357,101.69354,77.387215,142.62842,101.95761,82.285545,137.94989,117.49695,150.1517,140.60368,117.37987,160.85106,139.20102,121.15597,158.1181,139.74306,121.204575,169.21913,136.22966,116.88688,163.76001,141.30624,117.632324,175.72356
image_011.jpg,pullups_up,152.76534,17.104221,-33.731094,154.45236,14.046425,-29.289776,155.51347,14.011518,-29.262226,156.59032,13.967097,-29.270733,151.353,14.0846815,-28.735739,150.27014,14.012479,-28.74985,149.18484,13.964739,-28.802935,157.86954,14.8163185,-0.75826097,147.91092,14.633076,0.7282341,154.58833,19.784727,-23.25544,150.88539,19.772835,-22.676117,164.36586,29.15884,2.383718,139.82593,30.471174,11.194389,163.4677,45.630573,-43.900913,140.363,50.761692,-29.386293,158.23749,24.223991,-82.59299,142.02432,30.668987,-76.05817,158.2003,17.071783,-95.1479,142.66292,24.570593,-87.047676,159.007,16.527153,-89.438,140.81361,22.356054,-86.557045,157.87454,18.893524,-81.84044,142.18282,24.223812,-77.35748,158.55693,72.963135,0.5506015,143.33525,73.44873,-0.48653597,160.5149,104.87811,2.8250656,143.70488,106.323906,-3.598614,161.90741,131.5899,49.743797,143.98592,135.64317,34.738316,161.17204,134.87253,52.654343,144.0779,139.04922,36.255108,162.69698,141.31241,21.251596,146.61589,145.87874,0.41211373
image_012.jpg,pullups_up,113.16984,30.043175,-3.9213386,111.64167,26.565222,-11.872867,110.40372,26.592197,-11.894126,109.21195,26.607124,-12.019954,114.85891,26.606005,-12.876139,115.90949,26.53347,-12.813453,116.96242,26.516941,-12.7741785,106.66864,29.436426,-29.78497,117.85716,29.277573,-35.62644,111.01407,33.66464,-7.500034,114.22888,33.515182,-9.236461,92.35778,52.20689,-31.57178,129.23929,49.602844,-45.81143,71.23786,62.18842,-1.0896739,157.45607,57.499977,-14.354306,68.69592,28.442104,49.36116,155.65704,29.832964,8.767146,67.26305,18.035448,46.588406,158.21414,23.623247,-0.041168973,72.11744,16.773596,50.723793,154.06851,22.461126,-3.8201952,72.788765,22.097473,50.7408,152.05301,26.737888,7.793965,103.624245,113.51082,3.9455621,121.22574,114.215195,-3.7636337,101.755806,160.894,32.451836,121.68907,157.56726,24.634466,102.72071,202.53125,63.199497,120.552086,199.89565,61.54141,103.31458,210.11885,65.13915,119.217026,207.28737,64.33203,104.7648,207.56448,48.154236,124.158005,206.55919,48.77635
image_013.jpg,pullups_up,152.96402,32.362324,76.53385,154.88173,28.482967,83.607994,156.32133,28.35952,83.5814,157.78842,28.196304,83.47562,150.90897,28.780457,87.309105,149.56448,28.78985,87.323944,148.19533,28.85253,87.39967,160.58919,29.496838,115.4926,147.9473,30.19882,133.91647,155.99344,36.65568,86.73549,151.15079,36.891506,91.74193,176.80365,52.370483,100.572334,136.29205,51.784904,137.2888,198.34143,70.39185,1.3715928,123.5634,78.38865,64.88429,185.78328,34.941998,-79.699715,111.61133,58.53321,-22.287384,182.48616,24.747261,-95.28174,107.169716,52.565228,-36.087154,182.25288,21.629032,-85.821365,108.611465,48.803947,-33.948956,181.19879,26.816854,-78.4186,111.66479,51.450863,-23.548712,156.70277,104.91578,-12.985668,132.22115,100.61924,13.333579,142.14557,122.40687,-152.2697,118.73531,112.458565,-136.49052,116.58443,160.27362,-238.8803,99.726875,157.39284,-235.23262,114.40311,170.5152,-248.9868,98.109375,170.40695,-247.74486,102.602905,158.986,-298.07703,94.14164,158.4307,-297.02997
image_014.jpg,pullups_up,119.148766,51.24239,-95.7116,121.31488,46.50359,-93.53183,122.81682,46.781628,-93.53013,124.3826,47.059532,-93.580376,117.36066,45.70826,-93.60594,115.63714,45.199673,-93.63724,113.87237,44.751465,-93.689705,124.583046,49.114162,-66.30365,110.272865,45.997284,-64.67106,120.56441,56.361767,-84.61383,114.82282,55.069607,-84.17444,138.31676,70.763794,-45.554077,89.492485,68.762596,-42.665703,175.9361,84.78369,-71.9015,57.5622,80.281235,-65.35754,174.49602,54.660316,-116.351555,51.852833,49.899494,-91.213,174.2513,44.74744,-128.46335,50.676075,40.494892,-100.1073,170.94312,42.304955,-123.09556,53.78458,37.838257,-100.40007,168.69315,48.082527,-116.6604,57.078876,43.366142,-93.10879,125.77144,152.37553,-5.5397024,99.46693,153.39932,5.8425775,125.478676,196.14702,46.752155,103.20541,197.07115,69.434395,131.9987,228.40375,137.02525,106.88339,228.03111,155.57089,132.79997,232.66516,145.16623,108.691124,232.30951,163.24841,129.5921,245.27916,114.389145,103.47792,244.89775,129.31577
image_015.jpg,pullups_up,85.66015,23.061174,-82.76126,88.12638,21.465353,-72.814156,89.48244,21.87312,-72.7968,90.87279,22.268066,-72.82793,84.258064,20.855852,-73.645004,82.8552,20.689383,-73.66774,81.448006,20.573774,-73.67008,92.391266,26.698366,-29.415682,79.81791,24.403965,-30.824379,88.17465,28.862154,-68.14216,82.73269,27.96243,-68.36041,103.64839,53.091946,-6.7718244,67.73345,51.650642,-17.167486,123.24599,68.351906,-50.301636,55.202328,74.14985,-67.93339,116.92318,40.573215,-111.23096,57.719074,39.75449,-132.96985,117.158936,33.367485,-124.96623,57.894917,29.811743,-147.0755,114.208496,31.648476,-120.22146,59.68553,29.144773,-142.37514,112.76954,34.984917,-111.55201,61.504257,33.447712,-132.49469,97.86129,105.81979,0.32585126,76.231895,105.74304,-0.3179974,108.221176,149.61125,-45.90296,72.093636,148.74126,-59.326214,91.42076,170.69987,77.76217,92.35617,174.35117,69.25451,86.460945,170.36928,89.072784,96.1522,174.29825,81.256355,94.21681,192.32709,63.502846,95.03573,196.81538,52.10401
image_016.jpg,pullups_up,131.33058,39.318554,-123.63056,134.75467,34.36154,-119.970695,136.00052,34.59406,-119.96731,137.2821,34.817635,-120.01208,131.69034,33.498417,-117.65802,130.74127,32.96331,-117.638145,129.75853,32.485676,-117.68378,140.54134,36.11749,-80.92791,129.54164,32.769787,-70.638725,133.74901,43.673492,-108.1824,129.4153,42.35434,-104.965576,154.98552,59.45148,-63.233017,113.51242,57.709064,-53.287556,180.58508,84.50525,-145.96306,76.96208,78.77338,-141.02863,162.37253,66.77733,-232.65904,86.253,55.141518,-229.61342,156.98273,61.745235,-250.12445,88.34186,48.386402,-252.00922,156.39026,58.65438,-240.85538,91.02718,45.783684,-241.1772,157.35866,62.06604,-231.14981,91.84032,49.900497,-228.884,146.21663,142.75453,1.1999496,120.34909,142.97743,-0.6582833,148.23581,188.7881,-52.497726,114.64198,185.84079,-85.225174,150.57811,234.45474,51.41827,113.80023,237.01176,9.525632,151.80267,240.77629,59.316734,112.644646,244.0727,15.635275,145.97153,249.11201,11.13805,118.98122,250.5999,-42.788204
image_017.jpg,pullups_up,136.85675,34.180313,-48.93058,141.02843,31.359018,-47.888256,142.58128,31.58374,-47.87822,144.14742,31.78178,-47.88962,137.5737,30.8889,-40.872078,136.5578,30.698488,-40.876972,135.51378,30.557138,-40.865467,148.73897,34.383724,-31.993326,137.07396,32.30781,-0.80138856,140.27141,38.927807,-43.39603,135.68112,38.170082,-34.456738,157.21384,52.000275,-46.583035,137.79607,54.93929,44.056664,171.00085,72.74408,-108.01661,139.46565,71.93239,119.14221,159.12965,56.086647,-168.57436,125.57355,64.800865,205.3621,156.0013,50.961624,-181.7477,122.275604,63.58192,222.83331,154.5413,48.855877,-178.27728,121.290886,62.1285,220.84724,153.91643,52.442867,-168.49846,123.32888,63.193325,207.37273,155.75755,106.19183,-30.473001,144.36589,104.96156,30.465551,129.69054,128.93712,-71.212715,116.52019,128.4474,-16.624357,99.592476,162.98996,-79.64689,91.14115,159.77727,-25.822979,98.434006,172.55466,-80.114204,89.94665,169.75313,-28.22589,78.14472,159.07585,-101.40333,70.23405,156.40384,-50.496002
image_018.jpg,pullups_up,66.14046,23.865877,-33.893944,61.534046,20.527397,-33.820107,61.454937,20.552559,-33.81429,61.40826,20.559502,-33.87008,60.99534,21.194647,-41.960346,60.163765,21.834595,-41.96051,59.32968,22.511372,-41.962814,59.277603,26.211977,-11.84109,56.682266,28.988167,-47.369038,68.470924,30.801474,-24.933546,67.13963,31.846619,-35.0023,67.74222,60.749043,26.507006,77.77245,61.341118,-61.670647,113.00304,72.53487,4.494103,118.32938,75.754074,-34.457638,106.7109,45.69965,-41.45908,106.05266,47.787308,24.90388,101.42881,34.717083,-50.61897,102.60014,37.529926,23.692404,97.43198,34.42507,-43.40174,95.64522,35.516853,27.085443,99.3828,40.353046,-40.701813,97.24354,40.19982,27.078022,107.65738,137.23126,25.98728,112.21104,139.15019,-25.994276,119.318275,181.5271,56.44427,144.89702,194.60693,-29.19177,85.076515,227.25467,42.87655,81.77337,230.21257,-18.615032,76.02847,233.4421,42.407654,69.24273,231.15732,-15.97408,87.60584,241.75748,49.743732,80.65058,252.55965,-3.3566833
image_019.jpg,pullups_up,97.55165,33.031662,-67.18787,102.23916,25.979248,-57.316116,105.3589,26.053394,-57.30285,108.53537,26.114199,-57.341705,94.14876,25.702194,-59.076782,91.042206,25.42524,-59.076096,87.94665,25.212162,-59.03584,112.077324,30.358679,2.9091697,84.18952,28.735802,2.2343102,103.169426,40.50365,-44.57379,91.64125,39.93194,-45.048473,129.17584,66.73934,35.203228,65.06925,65.49552,34.107574,154.00282,107.97782,-27.261667,43.064808,110.54274,-53.453358,143.69414,69.30058,-128.59068,45.83509,66.27909,-172.25893,141.27232,60.699303,-149.29483,43.761536,54.578575,-189.7133,138.3473,53.313885,-139.88138,47.710377,49.894302,-182.36012,136.72992,57.99515,-125.45214,52.27904,55.296303,-170.91954,117.178635,158.4957,1.3386487,79.3268,159.38226,-1.1595583,129.86244,242.44159,-31.259968,82.08189,242.59648,-41.899345,121.45411,218.62355,182.71928,83.241585,224.54277,173.21968,120.553314,209.69476,207.19386,82.96211,216.05344,197.48207,117.02215,229.9425,242.03204,90.011345,241.37706,234.08766
image_020.jpg,pullups_up,56.269623,247.12148,-6.396475,55.66416,252.28201,-8.88316,56.154354,252.41933,-8.866499,56.610607,252.56055,-8.932824,54.975582,252.01968,-16.153143,55.25582,252.23744,-16.12758,55.55261,252.39943,-16.111073,60.854443,250.60664,-5.9262986,59.27404,250.3954,-38.306767,59.62609,242.0737,-2.1777937,59.615173,242.40355,-11.485094,86.91165,226.2688,15.015944,66.09439,221.6309,-50.611633,82.62968,204.1829,61.901604,49.282803,186.87558,-22.180634,63.38443,223.26045,95.92171,49.859432,212.94049,35.526188,58.4491,230.59857,100.166214,46.2142,219.90352,33.570564,55.713333,231.79593,97.77859,52.557198,224.65578,28.087189,57.047226,228.76062,94.52788,54.57601,221.109,34.46794,101.80294,138.24272,22.137133,89.885574,134.3734,-22.02995,113.249344,81.34844,58.757603,99.13492,78.83064,21.733122,110.26904,33.57063,93.33331,108.53315,34.606667,60.300602,112.76408,24.806976,96.740746,112.36582,26.864742,64.190994,98.77419,25.013489,88.646736,101.48965,26.122002,58.027954
image_021.jpg,pullups_up,123.87734,48.80651,-20.162992,124.58155,45.55251,-12.801297,125.76763,44.99322,-12.77583,126.995316,44.392128,-12.755306,121.39673,47.08323,-13.895123,120.283714,47.609142,-13.890842,119.17913,48.179924,-13.970454,129.9888,45.519608,22.348234,119.612495,50.524876,17.797478,128.15587,50.909924,-7.8807626,123.79636,52.98019,-9.099774,143.32672,63.891647,54.8209,120.03532,64.40626,10.168389,162.22679,77.59039,57.5208,99.38075,61.51431,-6.1124654,172.39796,65.73476,36.397377,105.61488,39.799778,0.2511828,175.0576,61.13205,33.1688,106.30454,32.719585,-5.526254,175.04063,58.37008,30.610909,108.23014,32.859985,1.212806,173.59763,60.905643,33.347355,109.19706,36.024376,1.9028049,151.51978,107.86042,19.2664,137.15535,110.64375,-19.208893,163.38246,146.10632,8.4276705,144.34898,151.40804,-47.69204,165.87308,176.42471,47.22063,126.6468,180.9742,-5.814848,164.4932,181.38223,49.35371,123.56313,183.37283,-2.2677188,173.65483,187.24968,23.155968,123.965454,198.08357,-24.923206
image_022.jpg,pullups_up,148.36757,43.741673,72.95827,146.49136,38.842808,58.406376,144.609,38.809925,58.415527,142.75871,38.79834,58.31772,151.96411,38.8082,58.788353,154.09831,38.66846,58.76559,156.1931,38.60845,58.65802,141.63739,42.372284,2.1411157,160.20134,41.576324,3.498155,146.58368,48.97363,55.247826,152.30502,48.735504,55.97552,125.37127,77.38436,-24.555393,180.94913,72.44831,-30.203121,88.51691,104.914185,12.4709835,215.29512,91.93745,-2.6219344,77.41668,83.4512,65.80801,227.20715,62.251694,39.306595,70.87619,78.238266,62.626404,235.04323,55.284077,36.274258,76.32698,73.10461,67.42444,229.51653,50.927128,39.911995,80.26105,75.634964,67.63498,225.86078,54.479523,40.794785,136.42485,161.09184,5.022847,162.81436,158.3399,-4.6716576,136.34087,199.01796,81.7533,167.27026,198.18205,53.56696,138.79211,243.65356,132.31433,148.24013,247.1897,68.957664,140.80154,251.43732,136.83199,143.14922,255.46626,70.83368,133.84845,243.19345,133.64143,149.8741,249.90219,70.81811
image_023.jpg,pullups_up,138.56924,20.299084,5.5571847,136.95837,18.167618,-3.280653,135.79118,18.236748,-3.2402666,134.6584,18.323835,-3.2748144,140.44539,18.047525,-3.516717,141.60251,17.93675,-3.4677901,142.71077,17.890759,-3.4609315,133.391,21.125816,-30.337341,144.267,20.304466,-30.474478,137.02386,23.567036,-2.5506647,140.12067,23.242792,-2.1451128,124.99577,39.909634,-35.68173,152.8332,39.833138,-36.44882,112.614006,54.595707,9.451875,164.18909,58.28094,12.40898,115.864655,45.258255,76.08754,161.47752,47.923084,75.73405,114.99157,41.437366,82.48399,162.99628,44.031937,80.95171,117.69791,40.265083,79.70516,159.01552,42.35195,81.94565,118.60098,42.223648,76.21791,158.24461,44.02962,77.3444,131.00983,86.57848,-0.5341557,145.1727,86.516,0.51398206,134.97357,101.69354,77.387215,142.62842,101.95761,82.285545,137.94989,117.49695,150.1517,140.60368,117.37987,160.85106,139.20102,121.15597,158.1181,139.74306,121.204575,169.21913,136.22966,116.88688,163.76001,141.30624,117.632324,175.72356
image_024.jpg,pullups_up,117.75292,29.052767,-24.961357,120.37991,25.932627,-21.78973,121.85603,25.7862,-21.802925,123.36277,25.618044,-21.803549,116.75189,26.377037,-16.651726,115.651306,26.52429,-16.65339,114.52437,26.70252,-16.688835,127.69914,27.548445,1.5192325,115.9845,28.677296,26.407528,121.96143,32.84824,-16.560755,117.278206,33.366863,-9.349839,141.22606,49.824482,15.298902,108.96916,48.39981,51.806053,149.3873,76.005424,-24.465174,94.68087,70.01178,15.030805,142.8517,52.98333,-73.72665,95.793,50.847103,-52.29021,141.22044,46.683098,-82.20343,96.83232,46.08733,-63.735847,141.55943,43.49743,-77.68008,97.26132,42.746723,-59.80021,140.60896,45.970314,-71.749725,98.82286,45.204803,-52.164646,125.94349,105.37726,-12.4160385,105.79775,103.603935,12.48757,117.04565,147.0359,-17.375607,97.48697,145.70706,8.220582,111.72763,184.13853,25.221657,92.46273,183.38918,46.53281,112.22338,189.18686,27.525782,93.90005,189.03346,47.77626,104.873116,195.5384,-9.447476,85.01452,194.77708,10.395936
image_025.jpg,pullups_up,152.76534,17.104221,-33.731094,154.45236,14.046425,-29.289776,155.51347,14.011518,-29.262226,156.59032,13.967097,-29.270733,151.353,14.0846815,-28.735739,150.27014,14.012479,-28.74985,149.18484,13.964739,-28.802935,157.86954,14.8163185,-0.75826097,147.91092,14.633076,0.7282341,154.58833,19.784727,-23.25544,150.88539,19.772835,-22.676117,164.36586,29.15884,2.383718,139.82593,30.471174,11.194389,163.4677,45.630573,-43.900913,140.363,50.761692,-29.386293,158.23749,24.223991,-82.59299,142.02432,30.668987,-76.05817,158.2003,17.071783,-95.1479,142.66292,24.570593,-87.047676,159.007,16.527153,-89.438,140.81361,22.356054,-86.557045,157.87454,18.893524,-81.84044,142.18282,24.223812,-77.35748,158.55693,72.963135,0.5506015,143.33525,73.44873,-0.48653597,160.5149,104.87811,2.8250656,143.70488,106.323906,-3.598614,161.90741,131.5899,49.743797,143.98592,135.64317,34.738316,161.17204,134.87253,52.654343,144.0779,139.04922,36.255108,162.69698,141.31241,21.251596,146.61589,145.87874,0.41211373
image_026.jpg,pullups_up,113.16984,30.043175,-3.9213386,111.64167,26.565222,-11.872867,110.40372,26.592197,-11.894126,109.21195,26.607124,-12.019954,114.85891,26.606005,-12.876139,115.90949,26.53347,-12.813453,116.96242,26.516941,-12.7741785,106.66864,29.436426,-29.78497,117.85716,29.277573,-35.62644,111.01407,33.66464,-7.500034,114.22888,33.515182,-9.236461,92.35778,52.20689,-31.57178,129.23929,49.602844,-45.81143,71.23786,62.18842,-1.0896739,157.45607,57.499977,-14.354306,68.69592,28.442104,49.36116,155.65704,29.832964,8.767146,67.26305,18.035448,46.588406,158.21414,23.623247,-0.041168973,72.11744,16.773596,50.723793,154.06851,22.461126,-3.8201952,72.788765,22.097473,50.7408,152.05301,26.737888,7.793965,103.624245,113.51082,3.9455621,121.22574,114.215195,-3.7636337,101.755806,160.894,32.451836,121.68907,157.56726,24.634466,102.72071,202.53125,63.199497,120.552086,199.89565,61.54141,103.31458,210.11885,65.13915,119.217026,207.28737,64.33203,104.7648,207.56448,48.154236,124.158005,206.55919,48.77635
image_027.jpg,pullups_up,162.18106,42.641247,-10.886446,159.2884,40.67743,-27.052057,156.90973,40.99966,-27.016352,154.57788,41.354294,-27.034853,165.6899,40.66811,-28.068178,167.91359,40.83971,-28.079273,170.08406,41.093838,-28.170626,151.93794,47.532955,-66.56604,173.33873,46.83127,-72.08372,159.2916,48.504482,-20.824533,165.83023,48.267357,-21.860544,133.34192,78.611694,-62.914795,192.07156,77.27754,-79.00753,106.46979,100.79699,-8.75974,219.52684,95.37078,-39.14891,107.30763,67.41835,35.57458,217.07562,64.29202,0.13926469,104.12347,57.93776,31.36774,222.28625,57.056625,-5.4847193,112.22305,55.28482,28.008364,214.29498,54.12143,-8.198119,114.99568,58.789566,34.267918,210.82446,56.9565,-0.6598221,146.36617,148.81174,5.265038,175.00209,149.08264,-5.1199527,147.5127,163.19989,115.39069,177.88374,166.3934,89.04122,145.57133,186.17058,225.91515,163.69952,185.82404,197.0028,146.85214,191.03792,237.11339,160.35287,189.53548,208.37135,141.22157,182.39331,236.29425,161.54283,181.80588,207.90141
image_028.jpg,pullups_up,136.0402,31.209797,23.758907,138.72025,26.898102,38.669636,141.2024,26.896442,38.67901,143.71506,26.838818,38.740314,131.67757,27.323597,37.275944,129.0887,27.54282,37.245487,126.485596,27.82259,37.2262,147.4966,30.862095,97.488625,123.75537,32.297966,92.94917,141.5555,38.56762,43.417007,132.14069,39.02563,42.074043,169.32852,66.10919,106.77957,107.3307,66.54842,99.53726,192.30296,102.86856,41.931427,89.29737,107.38228,24.464268,195.63295,71.08038,-43.64212,75.80211,74.08224,-75.783806,199.54373,60.930576,-63.75776,70.744095,64.638306,-93.674126,195.88792,56.009533,-53.427574,72.20417,58.396946,-88.36795,192.24779,60.730698,-42.167484,77.59967,62.886524,-76.02092,163.31152,138.6338,2.3984985,120.64517,138.60481,-1.866787,172.17465,174.842,-150.5942,113.60695,172.83221,-169.88931,166.09996,224.8382,-139.9142,121.31938,228.59337,-162.73505,164.59395,233.73013,-141.15834,123.869194,238.79953,-164.17879,162.42892,241.31827,-207.01424,124.06727,246.09303,-227.16399
